Acupoint_Code,Relation,Mesh_Term,Mesh_Id,PMID_freq,PMIDs
BL1,pubmed,Dry Eye Syndromes,D015352,2,"29851826, 35897025"
BL1,pubmed,Quality of Life,D011788,4,"32029008, 32925788, 32727619, 35897025"
BL11,pubmed,Quality of Life,D011788,4,"32029008, 32925788, 32576237, 35002538"
BL11,pubmed,Radiculopathy,D011843,2,"32029008, 35002538"
BL13,pubmed,Asthma,D001249,2,"32509851, 32727619"
BL18,pubmed,Quality of Life,D011788,2,"32925788, 31774002"
BL2,pubmed,"Fatigue Syndrome, Chronic",D015673,2,"23693129, 30832713"
BL2,pubmed,Low Back Pain,D017116,3,"26069973, 20540806, 21663617"
BL2,pubmed,Obesity,D009765,2,"31775839, 33235115"
BL2,pubmed,Quality of Life,D011788,2,"32925788, 32727619"
BL2,pubmed,Weight Loss,D015431,2,"31775839, 35966092"
BL20,pubmed,Obesity,D009765,2,"33235115, 31775839"
BL20,pubmed,Weight Loss,D015431,2,"35966092, 31775839"
BL23,pubmed,Asthma,D001249,2,"32509851, 32727619"
BL23,pubmed,"Fatigue Syndrome, Chronic",D015673,2,"23693129, 30832713"
BL23,pubmed,Low Back Pain,D017116,3,"26069973, 20540806, 21663617"
BL23,pubmed,Quality of Life,D011788,3,"31774002, 32925788, 32727619"
BL24,pubmed,Low Back Pain,D017116,3,"20540806, 26069973, 21663617"
BL25,pubmed,Low Back Pain,D017116,3,"20540806, 26069973, 21663617"
CV1,pubmed,Fatigue,D005221,2,"28679410, 31706345"
CV1,pubmed,Nausea,D009325,3,"27821107, 29029639, 25963295"
CV1,pubmed,Quality of Life,D011788,4,"32576237, 31706345, 29029639, 25963295"
CV1,pubmed,Vomiting,D014839,3,"27821107, 29029639, 25963295"
CV12,pubmed,Fatigue,D005221,3,"35616251, 31706345, 28679410"
CV12,pubmed,Nausea,D009325,3,"29029639, 27821107, 25963295"
CV12,pubmed,Obesity,D009765,3,"27457720, 31775839, 33235115"
CV12,pubmed,Quality of Life,D011788,4,"29029639, 31706345, 25963295, 31937335"
CV12,pubmed,Vomiting,D014839,3,"29029639, 27821107, 25963295"
CV12,pubmed,Weight Loss,D015431,3,"27457720, 31775839, 35966092"
CV19,pubmed,Dysmenorrhea,D004412,2,"33592837, 29970155"
CV4,pubmed,Dysmenorrhea,D004412,3,"32195949, 29970155, 33592837"
CV4,pubmed,Fatigue,D005221,3,"35616251, 31706345, 27495269"
CV4,pubmed,Quality of Life,D011788,5,"24886348, 32195949, 31706345, 27495269, 31774002"
CV6,pubmed,Dysmenorrhea,D004412,2,"29970155, 33592837"
CV6,pubmed,Fatigue,D005221,3,"35616251, 31706345, 27495269"
CV6,pubmed,Obesity,D009765,2,"27457720, 31775839"
CV6,pubmed,Quality of Life,D011788,3,"31706345, 27495269, 31774002"
CV6,pubmed,Weight Loss,D015431,2,"27457720, 31775839"
CV7,pubmed,Constipation,D003248,2,"31774002, 31780587"
CV7,pubmed,Fatigue,D005221,3,"35616251, 31706345, 34106628"
CV7,pubmed,Postoperative Complications,D011183,2,"1826453, 34106628"
CV7,pubmed,Quality of Life,D011788,4,"24886348, 32195949, 31706345, 31774002"
CV7,pubmed,Sleep Initiation and Maintenance Disorders,D007319,3,"32164719, 32807158, 31146772"
CV7,pubmed,Stroke,D020521,2,"35773693, 32957353"
CV8,pubmed,Dysmenorrhea,D004412,2,"33592837, 29970155"
GB1,pubmed,Myopia,D009216,2,"33120756, 25476698"
GB2,pubmed,Chronic Pain,D059350,2,"28445309, 30522504"
GB2,pubmed,Hypertension,D006973,3,"33907133, 24216113, 30546033"
GB2,pubmed,Migraine Disorders,D008881,2,"24915066, 22894176"
GB2,pubmed,Migraine without Aura,D020326,2,"35750456, 35854329"
GB2,pubmed,Neck Pain,D019547,2,"25027157, 30522504"
GB2,pubmed,Quality of Life,D011788,3,"24886348, 35750456, 32029008"
GB2,pubmed,Shoulder Pain,D020069,2,"30249298, 25027157"
GB2,pubmed,Stroke,D020521,2,"30397007, 28202067"
GB2,pubmed,Tinnitus,D014012,3,"28143471, 23176350, 25872506"
GB20,pubmed,Hypertension,D006973,3,"33907133, 24216113, 30546033"
GB20,pubmed,Migraine Disorders,D008881,2,"24915066, 22894176"
GB20,pubmed,Migraine without Aura,D020326,2,"35750456, 35854329"
GB20,pubmed,Quality of Life,D011788,3,"24886348, 35750456, 32029008"
GB20,pubmed,Stroke,D020521,3,"30397007, 28202067, 32957353"
GB21,pubmed,Chronic Pain,D059350,2,"28445309, 30522504"
GB21,pubmed,Neck Pain,D019547,2,"25027157, 30522504"
GB21,pubmed,Shoulder Pain,D020069,2,"25027157, 30249298"
GB26,pubmed,Obesity,D009765,2,"27457720, 31775839"
GB26,pubmed,Weight Loss,D015431,2,"27457720, 31775839"
GB3,pubmed,Acute Disease,D000208,2,"29769133, 28202067"
GB3,pubmed,Acute Pain,D059787,2,"35144662, 31142359"
GB3,pubmed,Chronic Pain,D059350,3,"24742182, 28445309, 33657762"
GB3,pubmed,Migraine Disorders,D008881,3,"24915066, 25496446, 22894176"
GB3,pubmed,Migraine without Aura,D020326,2,"35750456, 35854329"
GB3,pubmed,"Osteoarthritis, Knee",D020370,4,"35945733, 20576162, 23782709, 25910930"
GB3,pubmed,Pain,D010146,2,"25175308, 24555788"
GB3,pubmed,"Pain, Postoperative",D010149,3,"32381110, 31142359, 25910930"
GB3,pubmed,Quality of Life,D011788,3,"24886348, 35750456, 32925788"
GB3,pubmed,Stroke,D020521,2,"30397007, 28202067"
GB34,pubmed,Acute Pain,D059787,2,"35144662, 31142359"
GB34,pubmed,Chronic Pain,D059350,3,"24742182, 28445309, 33657762"
GB34,pubmed,Migraine Disorders,D008881,2,"24915066, 22894176"
GB34,pubmed,Migraine without Aura,D020326,2,"35750456, 35854329"
GB34,pubmed,"Osteoarthritis, Knee",D020370,3,"20576162, 23782709, 25910930"
GB34,pubmed,"Pain, Postoperative",D010149,3,"32381110, 31142359, 25910930"
GB34,pubmed,Quality of Life,D011788,2,"24886348, 35750456"
GB34,pubmed,Stroke,D020521,2,"28202067, 32957353"
GB39,pubmed,Pain,D010146,2,"25175308, 24555788"
GB39,pubmed,Quality of Life,D011788,2,"24886348, 32925788"
GB39,pubmed,Stroke,D020521,2,"30397007, 32957353"
GB4,pubmed,Quality of Life,D011788,2,"28052910, 35750456"
GB4,pubmed,Tinnitus,D014012,2,"23176350, 25872506"
GB41,pubmed,Quality of Life,D011788,2,"28052910, 35750456"
GB8,pubmed,Migraine without Aura,D020326,2,"35750456, 35854329"
GB8,pubmed,Tinnitus,D014012,2,"35368921, 28143471"
GV14,pubmed,Quality of Life,D011788,3,"32029008, 32576237, 35002538"
GV14,pubmed,Radiculopathy,D011843,2,"32029008, 35002538"
GV2,pubmed,"Fatigue Syndrome, Chronic",D015673,2,"23693129, 30832713"
GV2,pubmed,Sleep Initiation and Maintenance Disorders,D007319,2,"35303841, 31146772"
GV20,pubmed,Fatigue,D005221,3,"35616251, 31706345, 34106628"
GV20,pubmed,"Fatigue Syndrome, Chronic",D015673,2,"23693129, 30832713"
GV20,pubmed,Quality of Life,D011788,2,"24886348, 31706345"
GV20,pubmed,Sleep Initiation and Maintenance Disorders,D007319,3,"32807158, 35303841, 31146772"
GV20,pubmed,Tinnitus,D014012,2,"35368921, 23176350"
GV28,pubmed,Constipation,D003248,2,"31774002, 31780587"
GV28,pubmed,Fatigue,D005221,3,"35616251, 31706345, 34106628"
GV28,pubmed,Postoperative Complications,D011183,2,"1826453, 34106628"
GV28,pubmed,Quality of Life,D011788,4,"24886348, 32195949, 31706345, 31774002"
GV28,pubmed,Sleep Initiation and Maintenance Disorders,D007319,3,"32164719, 32807158, 31146772"
GV28,pubmed,Stroke,D020521,2,"35773693, 32957353"
HT3,pubmed,Liver Neoplasms,D008113,2,"28069044, 25204437"
HT3,pubmed,Nausea,D009325,5,"25963295, 28069044, 27821107, 25204437, 29029639"
HT3,pubmed,Quality of Life,D011788,2,"25963295, 29029639"
HT3,pubmed,Vomiting,D014839,5,"25963295, 28069044, 27821107, 25204437, 29029639"
HT5,pubmed,"Angina, Stable",D060050,2,"24499445, 33158451"
HT7,pubmed,Fatigue,D005221,3,"35616251, 33663090, 34106628"
HT7,pubmed,Quality of Life,D011788,4,"24886348, 28052910, 30075491, 25027493"
HT7,pubmed,Sleep Initiation and Maintenance Disorders,D007319,6,"32164719, 35508300, 32791711, 32807158, 35303841, 31146772"
HT7,pubmed,Tinnitus,D014012,3,"35368921, 23176350, 25872506"
KI1,pubmed,Pruritus,D011537,2,"34032717, 30075491"
KI1,pubmed,Quality of Life,D011788,2,"34032717, 30075491"
KI1,pubmed,"Renal Insufficiency, Chronic",D051436,2,"34032717, 30075491"
KI12,pubmed,Obesity,D009765,2,"27457720, 31775839"
KI12,pubmed,Weight Loss,D015431,2,"27457720, 31775839"
KI15,pubmed,Quality of Life,D011788,2,"35750456, 35002538"
KI15,pubmed,Tinnitus,D014012,2,"23176350, 25872506"
KI3,pubmed,Hypertension,D006973,3,"33907133, 24216113, 30546033"
KI3,pubmed,"Infertility, Female",D007247,2,"30142768, 24886647"
LI1,pubmed,Chronic Pain,D059350,4,"23317340, 24742182, 28445309, 30522504"
LI1,pubmed,Hypertension,D006973,6,"35902195, 35789530, 33588904, 24216113, 32571411, 34363051"
LI1,pubmed,"Pain, Postoperative",D010149,2,"30249298, 25047046"
LI1,pubmed,Parkinson Disease,D010300,2,"3746336, 31780587"
LI1,pubmed,Quality of Life,D011788,6,"35789530, 33588904, 28052910, 32571411, 32576237, 27829410"
LI1,pubmed,"Rhinitis, Allergic",D065631,2,"23302264, 27829410"
LI1,pubmed,Shoulder Pain,D020069,2,"24742182, 30249298"
LI1,pubmed,Stroke,D020521,2,"30397007, 28202067"
LI10,pubmed,Stroke,D020521,2,"30397007, 32957353"
LI11,pubmed,Chronic Pain,D059350,2,"23317340, 28445309"
LI11,pubmed,Hypertension,D006973,6,"35902195, 35789530, 33588904, 24216113, 32571411, 34363051"
LI11,pubmed,Parkinson Disease,D010300,2,"3746336, 31780587"
LI11,pubmed,Quality of Life,D011788,6,"35789530, 33588904, 28052910, 32571411, 32576237, 27829410"
LI11,pubmed,"Rhinitis, Allergic",D065631,2,"23302264, 27829410"
LI11,pubmed,Stroke,D020521,3,"30397007, 28202067, 32957353"
LI15,pubmed,Shoulder Pain,D020069,2,"24742182, 30249298"
LI15,pubmed,Stroke,D020521,2,"30397007, 28202067"
LI16,pubmed,Postoperative Complications,D011183,2,"30425466, 33976542"
LI18,pubmed,Acute Disease,D000208,2,"28646892, 29769133"
LI18,pubmed,Acute Pain,D059787,2,"35144662, 25537784"
LI18,pubmed,Gastroparesis,D018589,2,"32399130, 35241130"
LI18,pubmed,Hypertension,D006973,3,"33588904, 24216113, 32571411"
LI18,pubmed,Neck Pain,D019547,3,"30522504, 25537784, 24168460"
LI18,pubmed,"Pain, Postoperative",D010149,2,"32819923, 32381110"
LI18,pubmed,Postoperative Nausea and Vomiting,D020250,2,"28052910, 33482878"
LI18,pubmed,Prostatic Hyperplasia,D011470,2,"34941196, 26656981"
LI18,pubmed,"Pulmonary Disease, Chronic Obstructive",D029424,2,"32791715, 32150085"
LI18,pubmed,Quality of Life,D011788,7,"32195949, 35750456, 33588904, 28052910, 32571411, 30075491, 35241130"
LI18,pubmed,Sleep Initiation and Maintenance Disorders,D007319,3,"32164719, 29514705, 32791711"
LI18,pubmed,Stroke,D020521,3,"35773693, 32957353, 31924256"
LI18,pubmed,Substance Withdrawal Syndrome,D013375,2,"31574863, 22373002"
LI2,pubmed,"Rhinitis, Allergic",D065631,2,"23302264, 27829410"
LI2,pubmed,"Rhinitis, Allergic, Perennial",D012221,2,"31992367, 23302264"
LI20,pubmed,"Rhinitis, Allergic",D065631,2,"23302264, 27829410"
LI20,pubmed,"Rhinitis, Allergic, Perennial",D012221,2,"31992367, 23302264"
LI4,pubmed,Acute Disease,D000208,2,"29769133, 28202067"
LI4,pubmed,Colic,D003085,3,"20959312, 28093383, 32375501"
LI4,pubmed,Fatigue,D005221,2,"31706345, 28679410"
LI4,pubmed,Hypertension,D006973,5,"35902195, 35789530, 33588904, 32571411, 34363051"
LI4,pubmed,Lung Neoplasms,D008175,2,"31706345, 32062864"
LI4,pubmed,Nausea,D009325,2,"28069044, 32062864"
LI4,pubmed,Pain,D010146,2,"19574017, 23935833"
LI4,pubmed,"Pain, Postoperative",D010149,5,"32819923, 25047046, 31358034, 23707680, 32062864"
LI4,pubmed,Parkinson Disease,D010300,2,"3746336, 31780587"
LI4,pubmed,Postoperative Complications,D011183,2,"30425466, 33976542"
LI4,pubmed,Quality of Life,D011788,8,"24886348, 35789530, 31706345, 33588904, 28052910, 32571411, 32576237, 27829410"
LI4,pubmed,"Rhinitis, Allergic",D065631,2,"23302264, 27829410"
LI4,pubmed,Stroke,D020521,3,"30397007, 28202067, 32957353"
LI4,pubmed,Substance Withdrawal Syndrome,D013375,2,"19574017, 32340502"
LI4,pubmed,Vomiting,D014839,2,"28069044, 32062864"
LR3,pubmed,Fatigue,D005221,2,"33663090, 31706345"
LR3,pubmed,Hypertension,D006973,8,"35902195, 33907133, 35789530, 33588904, 24216113, 30546033, 32571411, 34363051"
LR3,pubmed,"Infertility, Female",D007247,2,"30142768, 24886647"
LR3,pubmed,Parkinson Disease,D010300,2,"3746336, 31780587"
LR3,pubmed,Quality of Life,D011788,6,"24886348, 35789530, 31706345, 33588904, 28052910, 32571411"
LR3,pubmed,Stroke,D020521,2,"30397007, 32957353"
LU5,pubmed,Hypertension,D006973,2,"33588904, 32571411"
LU5,pubmed,Quality of Life,D011788,2,"33588904, 32571411"
LU5,pubmed,Stroke,D020521,2,"35773693, 28202067"
LU6,pubmed,"Angina, Stable",D060050,2,"24499445, 33158451"
LU9,pubmed,"Angina, Stable",D060050,2,"24499445, 33158451"
PC6,pubmed,"Angina, Stable",D060050,2,"25925670, 24499445"
PC6,pubmed,Cancer Pain,D000072716,2,"28651642, 30635007"
PC6,pubmed,Cognition Disorders,D003072,2,"23587135, 33976542"
PC6,pubmed,Fatigue,D005221,3,"35616251, 28851420, 34106628"
PC6,pubmed,Gastroparesis,D018589,2,"32399130, 35241130"
PC6,pubmed,Hypertension,D006973,2,"24216113, 30546033"
PC6,pubmed,Nausea,D009325,4,"25963295, 28069044, 27821107, 32062864"
PC6,pubmed,Pain,D010146,2,"19574017, 23894632"
PC6,pubmed,"Pain, Postoperative",D010149,5,"32819923, 25047046, 31358034, 32062864, 31915045"
PC6,pubmed,Postoperative Complications,D011183,3,"34106628, 30425466, 33976542"
PC6,pubmed,Postoperative Nausea and Vomiting,D020250,4,"25394818, 28052910, 33482878, 31915045"
PC6,pubmed,Quality of Life,D011788,9,"25963295, 35395946, 30635007, 34666815, 28851420, 28052910, 29179761, 35241130, 31937335"
PC6,pubmed,Stroke,D020521,3,"35773693, 24453485, 32957353"
PC6,pubmed,Substance Withdrawal Syndrome,D013375,3,"19574017, 32340502, 30142795"
PC6,pubmed,Vomiting,D014839,4,"25963295, 28069044, 27821107, 32062864"
SI1,pubmed,Chronic Pain,D059350,2,"24742182, 30522504"
SI1,pubmed,Neck Pain,D019547,2,"25027157, 30522504"
SI1,pubmed,Shoulder Pain,D020069,3,"24742182, 25027157, 30249298"
SI14,pubmed,Neck Pain,D019547,2,"25027157, 30522504"
SI19,pubmed,Tinnitus,D014012,2,"35368921, 28143471"
SP1,pubmed,Hypertension,D006973,2,"30546033, 24216113"
SP1,pubmed,"Osteoarthritis, Knee",D020370,4,"35945733, 23497032, 20576162, 33906695"
SP10,pubmed,Hypertension,D006973,2,"30546033, 24216113"
SP10,pubmed,"Osteoarthritis, Knee",D020370,4,"35945733, 23497032, 20576162, 33906695"
SP15,pubmed,Obesity,D009765,2,"27457720, 31775839"
SP15,pubmed,Weight Loss,D015431,2,"27457720, 31775839"
SP4,pubmed,Quality of Life,D011788,2,"28052910, 31937335"
SP6,pubmed,Acute Disease,D000208,2,"29769133, 28202067"
SP6,pubmed,Cancer Pain,D000072716,2,"28651642, 30635007"
SP6,pubmed,Chronic Pain,D059350,2,"28445309, 33657762"
SP6,pubmed,Constipation,D003248,2,"31774002, 31780587"
SP6,pubmed,Dysmenorrhea,D004412,4,"32195949, 26733563, 24555788, 24929459"
SP6,pubmed,Fatigue,D005221,3,"35616251, 31706345, 34106628"
SP6,pubmed,Hot Flashes,D019584,2,"24886348, 24950841"
SP6,pubmed,"Infertility, Female",D007247,2,"30142768, 24886647"
SP6,pubmed,Pain,D010146,2,"26733563, 24555788"
SP6,pubmed,Postoperative Complications,D011183,2,"1826453, 34106628"
SP6,pubmed,Quality of Life,D011788,9,"24886348, 32195949, 30635007, 31706345, 24950841, 28052910, 29179761, 31774002, 32925788"
SP6,pubmed,Sleep Initiation and Maintenance Disorders,D007319,3,"32164719, 32807158, 31146772"
SP6,pubmed,Stroke,D020521,3,"35773693, 28202067, 32957353"
SP9,pubmed,Acute Pain,D059787,2,"31142359, 35144662"
SP9,pubmed,Hypertension,D006973,3,"30546033, 33907133, 24216113"
SP9,pubmed,"Osteoarthritis, Knee",D020370,3,"23497032, 20576162, 23782709"
SP9,pubmed,"Pain, Postoperative",D010149,2,"31142359, 32381110"
ST1,pubmed,Asthma,D001249,2,"27930519, 32727619"
ST1,pubmed,Chronic Disease,D002908,2,"19433697, 27930519"
ST1,pubmed,Cognition Disorders,D003072,2,"26467429, 23587135"
ST1,pubmed,Constipation,D003248,2,"25526462, 22759406"
ST1,pubmed,Hot Flashes,D019584,2,"24886348, 24950841"
ST1,pubmed,Hypertension,D006973,3,"35902195, 34363051, 30020330"
ST1,pubmed,Low Back Pain,D017116,4,"26069973, 19433697, 28049527, 21663617"
ST1,pubmed,Muscle Spasticity,D009128,2,"31291976, 25643051"
ST1,pubmed,Obesity,D009765,2,"26621821, 22417316"
ST1,pubmed,Pain,D010146,2,"35604687, 23894632"
ST1,pubmed,"Pain, Postoperative",D010149,2,"32381110, 25047046"
ST1,pubmed,Quality of Life,D011788,8,"24886348, 34666815, 24950841, 32029008, 29325594, 32727619, 22417316, 31937335"
ST1,pubmed,Sleep Initiation and Maintenance Disorders,D007319,4,"32791711, 32807158, 35303841, 22417316"
ST1,pubmed,Stroke,D020521,3,"35773693, 31291976, 32957353"
ST1,pubmed,Substance Withdrawal Syndrome,D013375,2,"31574863, 32340502"
ST1,pubmed,Weight Loss,D015431,2,"35966092, 22417316"
ST10,pubmed,Cognition Disorders,D003072,2,"23587135, 26467429"
ST10,pubmed,Stroke,D020521,2,"31291976, 35773693"
ST12,pubmed,Hot Flashes,D019584,2,"24886348, 24950841"
ST12,pubmed,Low Back Pain,D017116,2,"26069973, 21663617"
ST12,pubmed,Obesity,D009765,2,"22417316, 26621821"
ST12,pubmed,Quality of Life,D011788,4,"24886348, 22417316, 24950841, 31937335"
ST12,pubmed,Sleep Initiation and Maintenance Disorders,D007319,2,"35303841, 22417316"
ST2,pubmed,"Angina, Stable",D060050,3,"24499445, 25925670, 33158451"
ST2,pubmed,Arthralgia,D018771,2,"24962039, 23768129"
ST2,pubmed,Brain Ischemia,D002545,2,"31291976, 28633675"
ST2,pubmed,Chronic Disease,D002908,2,"24499445, 19433697"
ST2,pubmed,Chronic Pain,D059350,3,"23317340, 31366643, 30522504"
ST2,pubmed,Constipation,D003248,4,"29903020, 31780587, 25526462, 22759406"
ST2,pubmed,Dysmenorrhea,D004412,2,"33592837, 24929459"
ST2,pubmed,Fatigue,D005221,3,"35616251, 31706345, 27495269"
ST2,pubmed,"Fatigue Syndrome, Chronic",D015673,2,"23693129, 30832713"
ST2,pubmed,Hot Flashes,D019584,2,"24886348, 24950841"
ST2,pubmed,Hypertension,D006973,4,"32571411, 34363051, 33907133, 33588904"
ST2,pubmed,Irritable Bowel Syndrome,D043183,2,"34666815, 30326940"
ST2,pubmed,Low Back Pain,D017116,4,"23317340, 19433697, 25027493, 28049527"
ST2,pubmed,Migraine Disorders,D008881,2,"24915066, 22697367"
ST2,pubmed,Muscle Spasticity,D009128,2,"31291976, 24453485"
ST2,pubmed,Myopia,D009216,2,"25476698, 33120756"
ST2,pubmed,Nausea,D009325,3,"29029639, 25204437, 25963295"
ST2,pubmed,Neck Pain,D019547,2,"31366643, 30522504"
ST2,pubmed,Obesity,D009765,2,"33235115, 31775839"
ST2,pubmed,"Osteoarthritis, Knee",D020370,2,"23497032, 24962039"
ST2,pubmed,Pain,D010146,3,"23497032, 19574017, 23935833"
ST2,pubmed,"Pain, Postoperative",D010149,4,"31915045, 30304047, 32381110, 30249298"
ST2,pubmed,Parkinson Disease,D010300,2,"3746336, 31780587"
ST2,pubmed,Postoperative Nausea and Vomiting,D020250,2,"28052910, 31915045"
ST2,pubmed,Quality of Life,D011788,19,"29029639, 28052910, 32571411, 22697367, 31366643, 24886348, 34666815, 32029008, 25963295, 31937335, 31706345, 29325594, 32576237, 28633675, 25027493, 24950841, 33588904, 30326940, 27495269"
ST2,pubmed,"Rhinitis, Allergic",D065631,2,"29325594, 23302264"
ST2,pubmed,Sleep Initiation and Maintenance Disorders,D007319,2,"35303841, 31146772"
ST2,pubmed,Stroke,D020521,5,"31291976, 28633675, 30397007, 31924256, 24453485"
ST2,pubmed,Vomiting,D014839,3,"29029639, 25204437, 25963295"
ST2,pubmed,Weight Loss,D015431,2,"31775839, 35966092"
ST20,pubmed,"Angina, Stable",D060050,2,"33158451, 24499445"
ST20,pubmed,Chronic Disease,D002908,2,"24499445, 19433697"
ST20,pubmed,Chronic Pain,D059350,2,"23317340, 30522504"
ST20,pubmed,Low Back Pain,D017116,2,"23317340, 19433697"
ST20,pubmed,"Pain, Postoperative",D010149,2,"30304047, 32381110"
ST20,pubmed,Quality of Life,D011788,5,"24886348, 25963295, 29325594, 32576237, 28633675"
ST20,pubmed,Stroke,D020521,2,"28633675, 24453485"
ST24,pubmed,Fatigue,D005221,2,"31706345, 27495269"
ST24,pubmed,Postoperative Nausea and Vomiting,D020250,2,"28052910, 31915045"
ST24,pubmed,Quality of Life,D011788,4,"24886348, 28052910, 31706345, 27495269"
ST25,pubmed,Constipation,D003248,5,"31780587, 29903020, 25526462, 22759406, 31774002"
ST25,pubmed,Irritable Bowel Syndrome,D043183,2,"30326940, 34666815"
ST25,pubmed,Obesity,D009765,3,"33235115, 27457720, 31775839"
ST25,pubmed,Quality of Life,D011788,5,"30326940, 34666815, 24950841, 31937335, 31774002"
ST25,pubmed,Weight Loss,D015431,3,"35966092, 27457720, 31775839"
ST3,pubmed,Abdominal Pain,D015746,2,"29769133, 30326940"
ST3,pubmed,Acute Disease,D000208,2,"28202067, 29769133"
ST3,pubmed,"Angina, Stable",D060050,2,"25925670, 33158451"
ST3,pubmed,Cancer Pain,D000072716,2,"30635007, 28651642"
ST3,pubmed,Chronic Disease,D002908,3,"19433697, 27930519, 20540806"
ST3,pubmed,Chronic Pain,D059350,5,"31366643, 28445309, 24280948, 24742182, 28404609"
ST3,pubmed,Colic,D003085,4,"20959312, 28093383, 35027415, 32375501"
ST3,pubmed,Constipation,D003248,2,"31780587, 22759406"
ST3,pubmed,Depression,D003863,3,"29029639, 22417316, 30142795"
ST3,pubmed,Dysmenorrhea,D004412,3,"32195949, 29970155, 33592837"
ST3,pubmed,Fatigue,D005221,3,"31706345, 28679410, 27495269"
ST3,pubmed,"Fatigue Syndrome, Chronic",D015673,2,"30832713, 27886247"
ST3,pubmed,Gastroparesis,D018589,2,"35241130, 32399130"
ST3,pubmed,Hot Flashes,D019584,2,"24886348, 24950841"
ST3,pubmed,Hypertension,D006973,7,"35789530, 32571411, 34363051, 24216113, 35902195, 33907133, 33588904"
ST3,pubmed,"Infertility, Female",D007247,2,"30142768, 24886647"
ST3,pubmed,Irritable Bowel Syndrome,D043183,2,"34666815, 30326940"
ST3,pubmed,Low Back Pain,D017116,5,"19433697, 24280948, 26069973, 20540806, 21663617"
ST3,pubmed,Migraine Disorders,D008881,4,"24915066, 22697367, 25496446, 22894176"
ST3,pubmed,Migraine without Aura,D020326,2,"35750456, 35854329"
ST3,pubmed,Muscle Spasticity,D009128,2,"31291976, 25643051"
ST3,pubmed,Nausea,D009325,3,"29029639, 28069044, 27821107"
ST3,pubmed,Obesity,D009765,4,"27457720, 33235115, 22417316, 31775839"
ST3,pubmed,"Osteoarthritis, Knee",D020370,10,"31702640, 23497032, 23782709, 25910930, 24962039, 20576162, 28438185, 28404609, 35945733, 33906695"
ST3,pubmed,Pain,D010146,6,"23497032, 25175308, 30558062, 35604687, 23935833, 23894632"
ST3,pubmed,"Pain, Postoperative",D010149,5,"25910930, 31915045, 32381110, 25047046, 31358034"
ST3,pubmed,Parkinson Disease,D010300,2,"3746336, 31780587"
ST3,pubmed,Postoperative Complications,D011183,3,"1826453, 6704356, 33976542"
ST3,pubmed,Postoperative Nausea and Vomiting,D020250,2,"28052910, 31915045"
ST3,pubmed,Quality of Life,D011788,23,"32195949, 29029639, 35789530, 28052910, 32571411, 22697367, 31366643, 22417316, 24886348, 34666815, 31937335, 35750456, 30635007, 31706345, 29179761, 32576237, 35241130, 27829410, 24950841, 33588904, 30326940, 27495269, 32925788"
ST3,pubmed,"Rhinitis, Allergic",D065631,2,"23302264, 27829410"
ST3,pubmed,"Rhinitis, Allergic, Perennial",D012221,2,"31992367, 23302264"
ST3,pubmed,"Rhinitis, Allergic, Seasonal",D006255,2,"24708643, 23302264"
ST3,pubmed,Sleep Initiation and Maintenance Disorders,D007319,4,"22417316, 32164719, 32807158, 35303841"
ST3,pubmed,"Stress, Psychological",D013315,2,"22417316, 22373002"
ST3,pubmed,Stroke,D020521,4,"28202067, 31291976, 22738270, 30397007"
ST3,pubmed,Substance Withdrawal Syndrome,D013375,2,"30142795, 22373002"
ST3,pubmed,Tinnitus,D014012,3,"28143471, 23176350, 25872506"
ST3,pubmed,Vomiting,D014839,3,"29029639, 28069044, 27821107"
ST3,pubmed,Weight Loss,D015431,3,"27457720, 22417316, 31775839"
ST30,pubmed,Hypertension,D006973,2,"35789530, 33588904"
ST30,pubmed,Obesity,D009765,2,"33235115, 22417316"
ST30,pubmed,Quality of Life,D011788,7,"24886348, 35789530, 31706345, 33588904, 30326940, 22417316, 32576237"
ST30,pubmed,Sleep Initiation and Maintenance Disorders,D007319,2,"32164719, 22417316"
ST32,pubmed,Acute Disease,D000208,2,"28646892, 29769133"
ST32,pubmed,Acute Pain,D059787,2,"35144662, 25537784"
ST32,pubmed,Gastroparesis,D018589,2,"32399130, 35241130"
ST32,pubmed,Hypertension,D006973,2,"33588904, 32571411"
ST32,pubmed,Neck Pain,D019547,3,"30522504, 25537784, 24168460"
ST32,pubmed,"Pain, Postoperative",D010149,2,"32819923, 32381110"
ST32,pubmed,Postoperative Nausea and Vomiting,D020250,2,"28052910, 33482878"
ST32,pubmed,Prostatic Hyperplasia,D011470,2,"34941196, 26656981"
ST32,pubmed,"Pulmonary Disease, Chronic Obstructive",D029424,2,"32791715, 32150085"
ST32,pubmed,Quality of Life,D011788,7,"32195949, 35750456, 33588904, 28052910, 32571411, 30075491, 35241130"
ST32,pubmed,Sleep Initiation and Maintenance Disorders,D007319,3,"32164719, 29514705, 32791711"
ST32,pubmed,Stroke,D020521,3,"35773693, 32957353, 31924256"
ST32,pubmed,Substance Withdrawal Syndrome,D013375,2,"31574863, 22373002"
ST34,pubmed,"Osteoarthritis, Knee",D020370,4,"35945733, 23497032, 20576162, 33906695"
ST34,pubmed,Pain,D010146,2,"23497032, 30558062"
ST34,pubmed,Stroke,D020521,2,"30397007, 28202067"
ST35,pubmed,Hypertension,D006973,2,"33588904, 32571411"
ST35,pubmed,Nausea,D009325,2,"29029639, 27821107"
ST35,pubmed,"Osteoarthritis, Knee",D020370,6,"24962039, 33906695, 23497032, 23782709, 28438185, 28404609"
ST35,pubmed,Postoperative Complications,D011183,2,"6704356, 33976542"
ST35,pubmed,Quality of Life,D011788,5,"29029639, 34666815, 33588904, 32571411, 27829410"
ST35,pubmed,Vomiting,D014839,2,"29029639, 27821107"
ST36,pubmed,Abdominal Pain,D015746,2,"29769133, 30326940"
ST36,pubmed,Acute Disease,D000208,2,"28202067, 29769133"
ST36,pubmed,Cancer Pain,D000072716,2,"30635007, 28651642"
ST36,pubmed,Chronic Pain,D059350,2,"28445309, 28404609"
ST36,pubmed,Cognition Disorders,D003072,2,"33976542, 23587135"
ST36,pubmed,Colic,D003085,3,"28093383, 35027415, 32375501"
ST36,pubmed,Depression,D003863,2,"29029639, 30142795"
ST36,pubmed,Fatigue,D005221,5,"35616251, 31706345, 28679410, 34106628, 27495269"
ST36,pubmed,"Fatigue Syndrome, Chronic",D015673,2,"30832713, 27886247"
ST36,pubmed,Gastroparesis,D018589,2,"35241130, 32399130"
ST36,pubmed,Hypertension,D006973,7,"35789530, 32571411, 34363051, 24216113, 35902195, 33907133, 33588904"
ST36,pubmed,"Infertility, Female",D007247,2,"30142768, 24886647"
ST36,pubmed,Irritable Bowel Syndrome,D043183,2,"34666815, 30326940"
ST36,pubmed,Migraine Disorders,D008881,2,"25496446, 22894176"
ST36,pubmed,Nausea,D009325,3,"29029639, 28069044, 27821107"
ST36,pubmed,Obesity,D009765,3,"27457720, 33235115, 31775839"
ST36,pubmed,"Osteoarthritis, Knee",D020370,7,"31702640, 23497032, 23782709, 25910930, 28438185, 28404609, 35945733"
ST36,pubmed,Pain,D010146,2,"23497032, 25175308"
ST36,pubmed,"Pain, Postoperative",D010149,6,"25910930, 32819923, 31915045, 32381110, 25047046, 31358034"
ST36,pubmed,Postoperative Complications,D011183,3,"1826453, 33976542, 34106628"
ST36,pubmed,Postoperative Nausea and Vomiting,D020250,2,"28052910, 31915045"
ST36,pubmed,Quality of Life,D011788,17,"29029639, 35789530, 28052910, 32571411, 24886348, 34666815, 31937335, 30635007, 31706345, 31774002, 32576237, 35241130, 27829410, 33588904, 30326940, 27495269, 32925788"
ST36,pubmed,"Rhinitis, Allergic",D065631,2,"23302264, 27829410"
ST36,pubmed,"Rhinitis, Allergic, Perennial",D012221,2,"31992367, 23302264"
ST36,pubmed,"Rhinitis, Allergic, Seasonal",D006255,2,"24708643, 23302264"
ST36,pubmed,Stroke,D020521,2,"28202067, 32957353"
ST36,pubmed,Vomiting,D014839,3,"29029639, 28069044, 27821107"
ST36,pubmed,Weight Loss,D015431,2,"27457720, 31775839"
ST37,pubmed,Abdominal Pain,D015746,2,"30326940, 29769133"
ST37,pubmed,Constipation,D003248,2,"31780587, 31774002"
ST37,pubmed,Irritable Bowel Syndrome,D043183,2,"30326940, 34666815"
ST37,pubmed,Quality of Life,D011788,4,"28052910, 30326940, 34666815, 31774002"
ST4,pubmed,Arthralgia,D018771,2,"24962039, 23768129"
ST4,pubmed,Chronic Disease,D002908,3,"20540806, 20075014, 19958132"
ST4,pubmed,Chronic Pain,D059350,2,"28445309, 30522504"
ST4,pubmed,Depression,D003863,2,"29029639, 22417316"
ST4,pubmed,Fatigue,D005221,2,"33663090, 28679410"
ST4,pubmed,Hot Flashes,D019584,2,"24886348, 24950841"
ST4,pubmed,Hypertension,D006973,2,"33907133, 32571411"
ST4,pubmed,Low Back Pain,D017116,2,"20540806, 20075014"
ST4,pubmed,Migraine Disorders,D008881,3,"24915066, 22697367, 25496446"
ST4,pubmed,Migraine without Aura,D020326,2,"35750456, 35854329"
ST4,pubmed,Nausea,D009325,2,"29029639, 27821107"
ST4,pubmed,Obesity,D009765,3,"31775839, 33235115, 22417316"
ST4,pubmed,"Osteoarthritis, Knee",D020370,3,"24962039, 23497032, 28438185"
ST4,pubmed,Pain,D010146,2,"19574017, 23497032"
ST4,pubmed,"Pain, Postoperative",D010149,2,"31358034, 23707680"
ST4,pubmed,"Pulmonary Disease, Chronic Obstructive",D029424,2,"32150085, 31829276"
ST4,pubmed,Quality of Life,D011788,13,"24886348, 29029639, 35897025, 35750456, 24950841, 28052910, 29179761, 32571411, 22697367, 22417316, 32576237, 19958132, 31937335"
ST4,pubmed,Sleep Initiation and Maintenance Disorders,D007319,2,"35303841, 22417316"
ST4,pubmed,"Stress, Psychological",D013315,2,"22417316, 19958132"
ST4,pubmed,Stroke,D020521,3,"30397007, 31291976, 28202067"
ST4,pubmed,Vomiting,D014839,2,"29029639, 27821107"
ST4,pubmed,Weight Loss,D015431,3,"31775839, 35966092, 22417316"
ST40,pubmed,Obesity,D009765,3,"33235115, 27457720, 31775839"
ST40,pubmed,Weight Loss,D015431,3,"35966092, 27457720, 31775839"
ST41,pubmed,Nausea,D009325,2,"27821107, 29029639"
ST41,pubmed,Quality of Life,D011788,2,"32571411, 29029639"
ST41,pubmed,Vomiting,D014839,2,"27821107, 29029639"
ST5,pubmed,Acute Disease,D000208,2,"28646892, 28202067"
ST5,pubmed,Arthralgia,D018771,2,"24962039, 24210070"
ST5,pubmed,Chronic Disease,D002908,2,"24499445, 19958132"
ST5,pubmed,Chronic Pain,D059350,2,"31366643, 28404609"
ST5,pubmed,Colic,D003085,2,"28093383, 32375501"
ST5,pubmed,Hypertension,D006973,6,"35902195, 33588904, 24216113, 30546033, 32571411, 34363051"
ST5,pubmed,Obesity,D009765,2,"27457720, 31775839"
ST5,pubmed,"Osteoarthritis, Knee",D020370,3,"24962039, 28438185, 28404609"
ST5,pubmed,"Pulmonary Disease, Chronic Obstructive",D029424,2,"32150085, 31829276"
ST5,pubmed,Quality of Life,D011788,9,"35395946, 35897025, 35750456, 33588904, 29179761, 32571411, 31366643, 19958132, 31937335"
ST5,pubmed,Stroke,D020521,3,"31291976, 28202067, 31924256"
ST5,pubmed,Weight Loss,D015431,2,"27457720, 31775839"
ST6,pubmed,Fatigue,D005221,3,"31706345, 28851420, 27495269"
ST6,pubmed,Hypertension,D006973,2,"35789530, 33588904"
ST6,pubmed,Irritable Bowel Syndrome,D043183,2,"34666815, 30326940"
ST6,pubmed,Pain,D010146,2,"26733563, 23497032"
ST6,pubmed,"Pain, Postoperative",D010149,2,"32819923, 23707680"
ST6,pubmed,Postoperative Complications,D011183,2,"6704356, 30425466"
ST6,pubmed,Quality of Life,D011788,9,"35002538, 35789530, 31706345, 34666815, 33588904, 28851420, 30326940, 27495269, 25963295"
ST6,pubmed,Stroke,D020521,3,"30397007, 28202067, 24453485"
ST7,pubmed,Quality of Life,D011788,2,"31366643, 22417316"
ST7,pubmed,Sleep Initiation and Maintenance Disorders,D007319,2,"35303841, 22417316"
ST8,pubmed,Quality of Life,D011788,2,"34666815, 27829410"
ST8,pubmed,"Rhinitis, Allergic",D065631,2,"23302264, 27829410"
ST8,pubmed,"Rhinitis, Allergic, Seasonal",D006255,2,"24708643, 23302264"
ST9,pubmed,Hypertension,D006973,2,"24216113, 30546033"
TE1,pubmed,Chronic Pain,D059350,2,"24742182, 30522504"
TE1,pubmed,"Pain, Postoperative",D010149,2,"30249298, 23707680"
TE1,pubmed,Quality of Life,D011788,2,"24886348, 28052910"
TE1,pubmed,Shoulder Pain,D020069,2,"24742182, 30249298"
TE1,pubmed,Tinnitus,D014012,3,"28143471, 23176350, 25872506"
TE14,pubmed,Shoulder Pain,D020069,2,"24742182, 30249298"
TE17,pubmed,Tinnitus,D014012,4,"35368921, 28143471, 23176350, 25872506"
TE2,pubmed,Quality of Life,D011788,2,"24886348, 31706345"
TE2,pubmed,Sleep Initiation and Maintenance Disorders,D007319,2,"32807158, 31146772"
TE2,pubmed,Tinnitus,D014012,2,"28143471, 23176350"
TE21,pubmed,Tinnitus,D014012,2,"28143471, 23176350"
TE3,pubmed,Quality of Life,D011788,2,"35750456, 35002538"
TE3,pubmed,Tinnitus,D014012,3,"28143471, 23176350, 25872506"
TE5,pubmed,Hypertension,D006973,2,"24216113, 30546033"
TE5,pubmed,Migraine Disorders,D008881,2,"24915066, 22894176"
TE5,pubmed,Migraine without Aura,D020326,2,"35750456, 35854329"
TE5,pubmed,Quality of Life,D011788,2,"35002538, 35750456"
TE5,pubmed,Stroke,D020521,2,"30397007, 22738270"
TE9,pubmed,"Osteoarthritis, Knee",D020370,3,"35945733, 24962039, 28404609"
TE9,pubmed,Prostatic Hyperplasia,D011470,3,"21943105, 34941196, 26656981"
TE9,pubmed,Quality of Life,D011788,3,"28052910, 35241130, 31937335"
